UNDERLYING                          ,SYMBOL    ,FEB-18     ,MAR-18     ,APR-18     ,JUN-18     ,SEP-18     ,DEC-18     ,JAN-18     ,JUN-19     ,DEC-19     ,JUN-20     ,DEC-20     ,JUN-21     ,DEC-21     ,JUN-22     ,DEC-22     
NIFTY BANK                          ,BANKNIFTY ,40         ,40         ,40         ,           ,           ,           ,           ,           ,           ,           ,           ,           ,           ,           ,           
NIFTY 50                            ,NIFTY     ,75         ,75         ,75         ,75         ,75         ,75         ,           ,75         ,75         ,75         ,75         ,75         ,75         ,75         ,75         
FTSE 100 INDEX                      ,FTSE100   ,100        ,100        ,100        ,100        ,100        ,100        ,           ,           ,           ,           ,           ,           ,           ,           ,           
NIFTY IT                            ,NIFTYIT   ,50         ,50         ,50         ,           ,           ,           ,           ,           ,           ,           ,           ,           ,           ,           ,           
NIFTY CPSE                          ,NIFTYCPSE ,250        ,250        ,250        ,           ,           ,           ,           ,           ,           ,           ,           ,           ,           ,           ,           
NIFTY MIDCAP 50                     ,NIFTYMID50,200        ,200        ,200        ,           ,           ,           ,           ,           ,           ,           ,           ,           ,           ,           ,           
NIFTY INFRASTRUCTURE                ,NIFTYINFRA,225        ,225        ,225        ,           ,           ,           ,           ,           ,           ,           ,           ,           ,           ,           ,           
NIFTY PSE                           ,NIFTYPSE  ,200        ,200        ,200        ,           ,           ,           ,           ,           ,           ,           ,           ,           ,           ,           ,           
INDIA VOLATILITY INDEX              ,INDIAVIX  ,900        ,           ,           ,           ,           ,           ,900        ,           ,           ,           ,           ,           ,           ,           ,           
Derivatives on Individual Securities,Symbol    ,FEB-18     ,MAR-18     ,APR-18     ,           ,           ,           ,           ,           ,           ,           ,           ,           ,           ,           ,           
ACC LIMITED                         ,ACC       ,400        ,400        ,400        ,           ,           ,           ,           ,           ,           ,           ,           ,           ,           ,           ,           
ADANI PORT & SEZ LTD                ,ADANIPORTS,2500       ,2500       ,2500       ,           ,           ,           ,           ,           ,           ,           ,           ,           ,           ,           ,           
ADANI POWER LTD                     ,ADANIPOWER,20000      ,20000      ,20000      ,           ,           ,           ,           ,           ,           ,           ,           ,           ,           ,           ,           
AJANTA PHARMA LIMITED               ,AJANTPHARM,500        ,500        ,500        ,           ,           ,           ,           ,           ,           ,           ,           ,           ,           ,           ,           
ALLAHABAD BANK                      ,ALBK      ,10000      ,10000      ,10000      ,           ,           ,           ,           ,           ,           ,           ,           ,           ,           ,           ,           
ANDHRA BANK                         ,ANDHRABANK,10000      ,10000      ,10000      ,           ,           ,           ,           ,           ,           ,           ,           ,           ,           ,           ,           
APOLLO HOSPITALS ENTER. L           ,APOLLOHOSP,500        ,500        ,500        ,           ,           ,           ,           ,           ,           ,           ,           ,           ,           ,           ,           
ASHOK LEYLAND LTD                   ,ASHOKLEY  ,7000       ,7000       ,7000       ,           ,           ,           ,           ,           ,           ,           ,           ,           ,           ,           ,           
ASIAN PAINTS LIMITED                ,ASIANPAINT,600        ,600        ,600        ,           ,           ,           ,           ,           ,           ,           ,           ,           ,           ,           ,           
AXIS BANK LIMITED                   ,AXISBANK  ,1200       ,1200       ,1200       ,           ,           ,           ,           ,           ,           ,           ,           ,           ,           ,           ,           
ADANI ENTERPRISES LIMITED           ,ADANIENT  ,4000       ,4000       ,4000       ,           ,           ,           ,           ,           ,           ,           ,           ,           ,           ,           ,           
BAJAJ AUTO LIMITED                  ,BAJAJ-AUTO,250        ,250        ,250        ,           ,           ,           ,           ,           ,           ,           ,           ,           ,           ,           ,           
BAJAJ FINSERV LTD.                  ,BAJAJFINSV,125        ,125        ,125        ,           ,           ,           ,           ,           ,           ,           ,           ,           ,           ,           ,           
BERGER PAINTS (I) LTD               ,BERGEPAINT,2200       ,2200       ,2200       ,           ,           ,           ,           ,           ,           ,           ,           ,           ,           ,           ,           
AMARA RAJA BATTERIES LTD.           ,AMARAJABAT,700        ,700        ,700        ,           ,           ,           ,           ,           ,           ,           ,           ,           ,           ,           ,           
APOLLO TYRES LTD                    ,APOLLOTYRE,3000       ,3000       ,3000       ,           ,           ,           ,           ,           ,           ,           ,           ,           ,           ,           ,           
ARVIND LIMITED                      ,ARVIND    ,2000       ,2000       ,2000       ,           ,           ,           ,           ,           ,           ,           ,           ,           ,           ,           ,           
BHARTI AIRTEL LIMITED               ,BHARTIARTL,1700       ,1700       ,1700       ,           ,           ,           ,           ,           ,           ,           ,           ,           ,           ,           ,           
AUROBINDO PHARMA LTD                ,AUROPHARMA,800        ,800        ,800        ,           ,           ,           ,           ,           ,           ,           ,           ,           ,           ,           ,           
BOSCH LIMITED                       ,BOSCHLTD  ,25         ,25         ,25         ,           ,           ,           ,           ,           ,           ,           ,           ,           ,           ,           ,           
BAJAJ FINANCE LIMITED               ,BAJFINANCE,500        ,500        ,500        ,           ,           ,           ,           ,           ,           ,           ,           ,           ,           ,           ,           
BHARAT PETROLEUM CORP  LT           ,BPCL      ,1800       ,1800       ,1800       ,           ,           ,           ,           ,           ,           ,           ,           ,           ,           ,           ,           
BRITANNIA INDUSTRIES LTD            ,BRITANNIA ,200        ,200        ,200        ,           ,           ,           ,           ,           ,           ,           ,           ,           ,           ,           ,           
BALKRISHNA IND. LTD                 ,BALKRISIND,800        ,800        ,800        ,           ,           ,           ,           ,           ,           ,           ,           ,           ,           ,           ,           
BALRAMPUR CHINI MILLS LTD           ,BALRAMCHIN,3500       ,3500       ,3500       ,           ,           ,           ,           ,           ,           ,           ,           ,           ,           ,           ,           
BANK OF INDIA                       ,BANKINDIA ,6000       ,6000       ,6000       ,           ,           ,           ,           ,           ,           ,           ,           ,           ,           ,           ,           
BANK OF BARODA                      ,BANKBARODA,4000       ,4000       ,4000       ,           ,           ,           ,           ,           ,           ,           ,           ,           ,           ,           ,           
BATA INDIA LTD                      ,BATAINDIA ,1100       ,1100       ,1100       ,           ,           ,           ,           ,           ,           ,           ,           ,           ,           ,           ,           
BEML LIMITED                        ,BEML      ,300        ,300        ,300        ,           ,           ,           ,           ,           ,           ,           ,           ,           ,           ,           ,           
BHARAT FORGE LTD                    ,BHARATFORG,1200       ,1200       ,1200       ,           ,           ,           ,           ,           ,           ,           ,           ,           ,           ,           ,           
BHARAT FIN INCLUSION LTD            ,BHARATFIN ,1000       ,1000       ,1000       ,           ,           ,           ,           ,           ,           ,           ,           ,           ,           ,           ,           
CADILA HEALTHCARE LIMITED           ,CADILAHC  ,1600       ,1600       ,1600       ,           ,           ,           ,           ,           ,           ,           ,           ,           ,           ,           ,           
BHEL                                ,BHEL      ,7500       ,7500       ,7500       ,           ,           ,           ,           ,           ,           ,           ,           ,           ,           ,           ,           
CAPITAL FIRST LIMITED               ,CAPF      ,800        ,800        ,800        ,           ,           ,           ,           ,           ,           ,           ,           ,           ,           ,           ,           
CENTURY TEXTILES LTD                ,CENTURYTEX,550        ,550        ,550        ,           ,           ,           ,           ,           ,           ,           ,           ,           ,           ,           ,           
BIOCON LIMITED.                     ,BIOCON    ,1800       ,1800       ,1800       ,           ,           ,           ,           ,           ,           ,           ,           ,           ,           ,           ,           
CANARA BANK                         ,CANBK     ,1600       ,1600       ,1600       ,           ,           ,           ,           ,           ,           ,           ,           ,           ,           ,           ,           
CAN FIN HOMES LTD                   ,CANFINHOME,1250       ,1250       ,1250       ,           ,           ,           ,           ,           ,           ,           ,           ,           ,           ,           ,           
COLGATE PALMOLIVE LTD.              ,COLPAL    ,700        ,700        ,700        ,           ,           ,           ,           ,           ,           ,           ,           ,           ,           ,           ,           
CUMMINS INDIA LTD                   ,CUMMINSIND,600        ,600        ,600        ,           ,           ,           ,           ,           ,           ,           ,           ,           ,           ,           ,           
CASTROL INDIA LIMITED               ,CASTROLIND,2800       ,2800       ,2800       ,           ,           ,           ,           ,           ,           ,           ,           ,           ,           ,           ,           
DABUR INDIA LTD                     ,DABUR     ,2500       ,2500       ,2500       ,           ,           ,           ,           ,           ,           ,           ,           ,           ,           ,           ,           
DR. REDDY'S LABORATORIES            ,DRREDDY   ,250        ,250        ,250        ,           ,           ,           ,           ,           ,           ,           ,           ,           ,           ,           ,           
CEAT LIMITED                        ,CEATLTD   ,350        ,350        ,350        ,           ,           ,           ,           ,           ,           ,           ,           ,           ,           ,           ,           
CG POWER AND IND SOL LTD            ,CGPOWER   ,12000      ,12000      ,12000      ,           ,           ,           ,           ,           ,           ,           ,           ,           ,           ,           ,           
CHENNAI PETROLEUM CORP LT           ,CHENNPETRO,1500       ,1500       ,1500       ,           ,           ,           ,           ,           ,           ,           ,           ,           ,           ,           ,           
EICHER MOTORS LTD                   ,EICHERMOT ,25         ,25         ,25         ,           ,           ,           ,           ,           ,           ,           ,           ,           ,           ,           ,           
CESC LTD                            ,CESC      ,550        ,550        ,550        ,           ,           ,           ,           ,           ,           ,           ,           ,           ,           ,           ,           
CONTAINER CORP OF IND LTD           ,CONCOR    ,625        ,625        ,625        ,           ,           ,           ,           ,           ,           ,           ,           ,           ,           ,           ,           
COAL INDIA LTD                      ,COALINDIA ,2200       ,2200       ,2200       ,           ,           ,           ,           ,           ,           ,           ,           ,           ,           ,           ,           
DALMIA BHARAT LIMITED               ,DALMIABHA ,300        ,300        ,300        ,           ,           ,           ,           ,           ,           ,           ,           ,           ,           ,           ,           
DCB BANK LIMITED                    ,DCBBANK   ,4500       ,4500       ,4500       ,           ,           ,           ,           ,           ,           ,           ,           ,           ,           ,           ,           
DEWAN HOUSING FIN CORP LT           ,DHFL      ,1500       ,1500       ,1500       ,           ,           ,           ,           ,           ,           ,           ,           ,           ,           ,           ,           
DISH TV INDIA LTD.                  ,DISHTV    ,7000       ,7000       ,7000       ,           ,           ,           ,           ,           ,           ,           ,           ,           ,           ,           ,           
EXIDE INDUSTRIES LTD                ,EXIDEIND  ,4000       ,4000       ,4000       ,           ,           ,           ,           ,           ,           ,           ,           ,           ,           ,           ,           
FEDERAL BANK LTD                    ,FEDERALBNK,5500       ,5500       ,5500       ,           ,           ,           ,           ,           ,           ,           ,           ,           ,           ,           ,           
GAIL (INDIA) LTD                    ,GAIL      ,2000       ,2000       ,2000       ,           ,           ,           ,           ,           ,           ,           ,           ,           ,           ,           ,           
GMR INFRASTRUCTURE LTD.             ,GMRINFRA  ,45000      ,45000      ,45000      ,           ,           ,           ,           ,           ,           ,           ,           ,           ,           ,           ,           
GODREJ CONSUMER PRODUCTS            ,GODREJCP  ,800        ,800        ,800        ,           ,           ,           ,           ,           ,           ,           ,           ,           ,           ,           ,           
GODREJ INDUSTRIES LTD               ,GODREJIND ,1500       ,1500       ,1500       ,           ,           ,           ,           ,           ,           ,           ,           ,           ,           ,           ,           
GRASIM INDUSTRIES LTD               ,GRASIM    ,750        ,750        ,750        ,           ,           ,           ,           ,           ,           ,           ,           ,           ,           ,           ,           
GUJ STATE FERT & CHEM LTD           ,GSFC      ,4500       ,4500       ,4500       ,           ,           ,           ,           ,           ,           ,           ,           ,           ,           ,           ,           
HAVELLS INDIA LIMITED               ,HAVELLS   ,2000       ,2000       ,2000       ,           ,           ,           ,           ,           ,           ,           ,           ,           ,           ,           ,           
HCL TECHNOLOGIES LTD                ,HCLTECH   ,700        ,700        ,700        ,           ,           ,           ,           ,           ,           ,           ,           ,           ,           ,           ,           
HDFC LTD                            ,HDFC      ,500        ,500        ,500        ,           ,           ,           ,           ,           ,           ,           ,           ,           ,           ,           ,           
HOUSING DEV & INFRA LTD             ,HDIL      ,9000       ,9000       ,9000       ,           ,           ,           ,           ,           ,           ,           ,           ,           ,           ,           ,           
HERO MOTOCORP LIMITED               ,HEROMOTOCO,200        ,200        ,200        ,           ,           ,           ,           ,           ,           ,           ,           ,           ,           ,           ,           
EQUITAS HOLDINGS LIMITED            ,EQUITAS   ,3200       ,3200       ,3200       ,           ,           ,           ,           ,           ,           ,           ,           ,           ,           ,           ,           
ICICI BANK LTD.                     ,ICICIBANK ,2750       ,2750       ,2750       ,           ,           ,           ,           ,           ,           ,           ,           ,           ,           ,           ,           
FORTIS HEALTHCARE LTD               ,FORTIS    ,3500       ,3500       ,3500       ,           ,           ,           ,           ,           ,           ,           ,           ,           ,           ,           ,           
ICICI PRU LIFE INS CO LTD           ,ICICIPRULI,1300       ,1300       ,1300       ,           ,           ,           ,           ,           ,           ,           ,           ,           ,           ,           ,           
GLENMARK PHARMACEUTICALS            ,GLENMARK  ,900        ,900        ,900        ,           ,           ,           ,           ,           ,           ,           ,           ,           ,           ,           ,           
IDEA CELLULAR LIMITED               ,IDEA      ,7000       ,7000       ,7000       ,           ,           ,           ,           ,           ,           ,           ,           ,           ,           ,           ,           
INDRAPRASTHA GAS LTD                ,IGL       ,2750       ,2750       ,2750       ,           ,           ,           ,           ,           ,           ,           ,           ,           ,           ,           ,           
THE INDIA CEMENTS LIMITED           ,INDIACEM  ,3500       ,3500       ,3500       ,           ,           ,           ,           ,           ,           ,           ,           ,           ,           ,           ,           
INDUSIND BANK LIMITED               ,INDUSINDBK,300        ,300        ,300        ,           ,           ,           ,           ,           ,           ,           ,           ,           ,           ,           ,           
INFIBEAM INCORP. LIMITED            ,INFIBEAM  ,4000       ,4000       ,4000       ,           ,           ,           ,           ,           ,           ,           ,           ,           ,           ,           ,           
ENGINEERS INDIA LTD                 ,ENGINERSIN,3500       ,3500       ,3500       ,           ,           ,           ,           ,           ,           ,           ,           ,           ,           ,           ,           
BHARTI INFRATEL LTD.                ,INFRATEL  ,1700       ,1700       ,1700       ,           ,           ,           ,           ,           ,           ,           ,           ,           ,           ,           ,           
ESCORTS INDIA LTD                   ,ESCORTS   ,1100       ,1100       ,1100       ,           ,           ,           ,           ,           ,           ,           ,           ,           ,           ,           ,           
HDFC BANK LTD                       ,HDFCBANK  ,500        ,500        ,500        ,           ,           ,           ,           ,           ,           ,           ,           ,           ,           ,           ,           
IRB INFRA DEV LTD.                  ,IRB       ,2500       ,2500       ,2500       ,           ,           ,           ,           ,           ,           ,           ,           ,           ,           ,           ,           
ITC LTD                             ,ITC       ,2400       ,2400       ,2400       ,           ,           ,           ,           ,           ,           ,           ,           ,           ,           ,           ,           
HEXAWARE TECHNOLOGIES LTD           ,HEXAWARE  ,3000       ,3000       ,3000       ,           ,           ,           ,           ,           ,           ,           ,           ,           ,           ,           ,           
HINDUSTAN UNILEVER LTD.             ,HINDUNILVR,600        ,600        ,600        ,           ,           ,           ,           ,           ,           ,           ,           ,           ,           ,           ,           
JET AIRWAYS (INDIA) LTD.            ,JETAIRWAYS,1200       ,1200       ,1200       ,           ,           ,           ,           ,           ,           ,           ,           ,           ,           ,           ,           
GRANULES INDIA LIMITED              ,GRANULES  ,5000       ,5000       ,5000       ,           ,           ,           ,           ,           ,           ,           ,           ,           ,           ,           ,           
HINDUSTAN ZINC LIMITED              ,HINDZINC  ,3200       ,3200       ,3200       ,           ,           ,           ,           ,           ,           ,           ,           ,           ,           ,           ,           
INDIABULLS HSG FIN LTD              ,IBULHSGFIN,400        ,400        ,400        ,           ,           ,           ,           ,           ,           ,           ,           ,           ,           ,           ,           
JINDAL STEEL & POWER LTD            ,JINDALSTEL,4500       ,4500       ,4500       ,           ,           ,           ,           ,           ,           ,           ,           ,           ,           ,           ,           
IDBI BANK LIMITED                   ,IDBI      ,10000      ,10000      ,10000      ,           ,           ,           ,           ,           ,           ,           ,           ,           ,           ,           ,           
JAIN IRRIGATION SYSTEMS             ,JISLJALEQS,9000       ,9000       ,9000       ,           ,           ,           ,           ,           ,           ,           ,           ,           ,           ,           ,           
IDFC LIMITED                        ,IDFC      ,13200      ,13200      ,13200      ,           ,           ,           ,           ,           ,           ,           ,           ,           ,           ,           ,           
JAIPRAKASH ASSOCIATES LTD           ,JPASSOCIAT,34000      ,34000      ,34000      ,           ,           ,           ,           ,           ,           ,           ,           ,           ,           ,           ,           
HINDALCO  INDUSTRIES  LTD           ,HINDALCO  ,3500       ,3500       ,3500       ,           ,           ,           ,           ,           ,           ,           ,           ,           ,           ,           ,           
IFCI LTD                            ,IFCI      ,22000      ,22000      ,22000      ,           ,           ,           ,           ,           ,           ,           ,           ,           ,           ,           ,           
JUBILANT FOODWORKS LTD              ,JUBLFOOD  ,500        ,500        ,500        ,           ,           ,           ,           ,           ,           ,           ,           ,           ,           ,           ,           
KOTAK MAHINDRA BANK LTD             ,KOTAKBANK ,800        ,800        ,800        ,           ,           ,           ,           ,           ,           ,           ,           ,           ,           ,           ,           
HINDUSTAN PETROLEUM CORP            ,HINDPETRO ,1575       ,1575       ,1575       ,           ,           ,           ,           ,           ,           ,           ,           ,           ,           ,           ,           
KPIT TECHNOLOGIES LTD               ,KPIT      ,4500       ,4500       ,4500       ,           ,           ,           ,           ,           ,           ,           ,           ,           ,           ,           ,           
INDIAN BANK                         ,INDIANB   ,2000       ,2000       ,2000       ,           ,           ,           ,           ,           ,           ,           ,           ,           ,           ,           ,           
MARICO LIMITED                      ,MARICO    ,2600       ,2600       ,2600       ,           ,           ,           ,           ,           ,           ,           ,           ,           ,           ,           ,           
INTERGLOBE AVIATION LTD             ,INDIGO    ,600        ,600        ,600        ,           ,           ,           ,           ,           ,           ,           ,           ,           ,           ,           ,           
MARUTI SUZUKI INDIA LTD.            ,MARUTI    ,75         ,75         ,75         ,           ,           ,           ,           ,           ,           ,           ,           ,           ,           ,           ,           
INFOSYS LIMITED                     ,INFY      ,600        ,600        ,600        ,           ,           ,           ,           ,           ,           ,           ,           ,           ,           ,           ,           
INDIAN OIL CORP LTD                 ,IOC       ,1500       ,1500       ,1500       ,           ,           ,           ,           ,           ,           ,           ,           ,           ,           ,           ,           
UNITED SPIRITS LIMITED              ,MCDOWELL-N,250        ,250        ,250        ,           ,           ,           ,           ,           ,           ,           ,           ,           ,           ,           ,           
MULTI COMMODITY EXCHANGE            ,MCX       ,500        ,500        ,500        ,           ,           ,           ,           ,           ,           ,           ,           ,           ,           ,           ,           
JSW STEEL LIMITED                   ,JSWSTEEL  ,3000       ,3000       ,3000       ,           ,           ,           ,           ,           ,           ,           ,           ,           ,           ,           ,           
MAX FINANCIAL SERV LTD              ,MFSL      ,1000       ,1000       ,1000       ,           ,           ,           ,           ,           ,           ,           ,           ,           ,           ,           ,           
MAHANAGAR GAS LTD.                  ,MGL       ,600        ,600        ,600        ,           ,           ,           ,           ,           ,           ,           ,           ,           ,           ,           ,           
JUSTDIAL LTD.                       ,JUSTDIAL  ,1400       ,1400       ,1400       ,           ,           ,           ,           ,           ,           ,           ,           ,           ,           ,           ,           
KAJARIA CERAMICS LTD                ,KAJARIACER,800        ,800        ,800        ,           ,           ,           ,           ,           ,           ,           ,           ,           ,           ,           ,           
MOTHERSON SUMI SYSTEMS LT           ,MOTHERSUMI,1600       ,1600       ,1600       ,           ,           ,           ,           ,           ,           ,           ,           ,           ,           ,           ,           
KAVERI SEED CO. LTD.                ,KSCL      ,1500       ,1500       ,1500       ,           ,           ,           ,           ,           ,           ,           ,           ,           ,           ,           ,           
L&T FINANCE HOLDINGS LTD            ,L&TFH     ,4500       ,4500       ,4500       ,           ,           ,           ,           ,           ,           ,           ,           ,           ,           ,           ,           
MRF LTD                             ,MRF       ,15         ,15         ,15         ,           ,           ,           ,           ,           ,           ,           ,           ,           ,           ,           ,           
KARNATAKA BANK LIMITED              ,KTKBANK   ,3800       ,3800       ,3800       ,           ,           ,           ,           ,           ,           ,           ,           ,           ,           ,           ,           
LIC HOUSING FINANCE LTD             ,LICHSGFIN ,1100       ,1100       ,1100       ,           ,           ,           ,           ,           ,           ,           ,           ,           ,           ,           ,           
LARSEN & TOUBRO LTD.                ,LT        ,750        ,750        ,750        ,           ,           ,           ,           ,           ,           ,           ,           ,           ,           ,           ,           
MANAPPURAM FINANCE LTD              ,MANAPPURAM,6000       ,6000       ,6000       ,           ,           ,           ,           ,           ,           ,           ,           ,           ,           ,           ,           
LUPIN LIMITED                       ,LUPIN     ,600        ,600        ,600        ,           ,           ,           ,           ,           ,           ,           ,           ,           ,           ,           ,           
MINDTREE LIMITED                    ,MINDTREE  ,1200       ,1200       ,1200       ,           ,           ,           ,           ,           ,           ,           ,           ,           ,           ,           ,           
NATIONAL ALUMINIUM CO LTD           ,NATIONALUM,8000       ,8000       ,8000       ,           ,           ,           ,           ,           ,           ,           ,           ,           ,           ,           ,           
NESTLE INDIA LIMITED                ,NESTLEIND ,100        ,100        ,100        ,           ,           ,           ,           ,           ,           ,           ,           ,           ,           ,           ,           
NTPC LTD                            ,NTPC      ,4000       ,4000       ,4000       ,           ,           ,           ,           ,           ,           ,           ,           ,           ,           ,           ,           
ORACLE FIN SERV SOFT LTD.           ,OFSS      ,150        ,150        ,150        ,           ,           ,           ,           ,           ,           ,           ,           ,           ,           ,           ,           
OIL INDIA LTD                       ,OIL       ,2266       ,2266       ,2266       ,           ,           ,           ,           ,           ,           ,           ,           ,           ,           ,           ,           
PAGE INDUSTRIES LTD                 ,PAGEIND   ,50         ,50         ,50         ,           ,           ,           ,           ,           ,           ,           ,           ,           ,           ,           ,           
PETRONET LNG LIMITED                ,PETRONET  ,3000       ,3000       ,3000       ,           ,           ,           ,           ,           ,           ,           ,           ,           ,           ,           ,           
POWER FIN CORP LTD.                 ,PFC       ,6000       ,6000       ,6000       ,           ,           ,           ,           ,           ,           ,           ,           ,           ,           ,           ,           
PTC INDIA LIMITED                   ,PTC       ,8000       ,8000       ,8000       ,           ,           ,           ,           ,           ,           ,           ,           ,           ,           ,           ,           
THE RAMCO CEMENTS LIMITED           ,RAMCOCEM  ,800        ,800        ,800        ,           ,           ,           ,           ,           ,           ,           ,           ,           ,           ,           ,           
RAYMOND LTD                         ,RAYMOND   ,800        ,800        ,800        ,           ,           ,           ,           ,           ,           ,           ,           ,           ,           ,           ,           
MRPL                                ,MRPL      ,4500       ,4500       ,4500       ,           ,           ,           ,           ,           ,           ,           ,           ,           ,           ,           ,           
NBCC (INDIA) LIMITED                ,NBCC      ,3000       ,3000       ,3000       ,           ,           ,           ,           ,           ,           ,           ,           ,           ,           ,           ,           
NCC LIMITED                         ,NCC       ,8000       ,8000       ,8000       ,           ,           ,           ,           ,           ,           ,           ,           ,           ,           ,           ,           
NIIT TECHNOLOGIES LTD               ,NIITTECH  ,1500       ,1500       ,1500       ,           ,           ,           ,           ,           ,           ,           ,           ,           ,           ,           ,           
RELIANCE COMMUNICATIONS L           ,RCOM      ,28000      ,28000      ,28000      ,           ,           ,           ,           ,           ,           ,           ,           ,           ,           ,           ,           
NMDC LTD.                           ,NMDC      ,6000       ,6000       ,6000       ,           ,           ,           ,           ,           ,           ,           ,           ,           ,           ,           ,           
RELIANCE CAPITAL LTD                ,RELCAPITAL,750        ,750        ,750        ,           ,           ,           ,           ,           ,           ,           ,           ,           ,           ,           ,           
RELIANCE NAVAL & ENGG LTD           ,RNAVAL    ,9000       ,9000       ,9000       ,           ,           ,           ,           ,           ,           ,           ,           ,           ,           ,           ,           
PC JEWELLER LTD                     ,PCJEWELLER,1500       ,1500       ,1500       ,           ,           ,           ,           ,           ,           ,           ,           ,           ,           ,           ,           
RELIANCE POWER LTD.                 ,RPOWER    ,13000      ,13000      ,13000      ,           ,           ,           ,           ,           ,           ,           ,           ,           ,           ,           ,           
SHREE CEMENT LIMITED                ,SHREECEM  ,50         ,50         ,50         ,           ,           ,           ,           ,           ,           ,           ,           ,           ,           ,           ,           
MUTHOOT FINANCE LIMITED             ,MUTHOOTFIN,1500       ,1500       ,1500       ,           ,           ,           ,           ,           ,           ,           ,           ,           ,           ,           ,           
PIDILITE INDUSTRIES LTD             ,PIDILITIND,1000       ,1000       ,1000       ,           ,           ,           ,           ,           ,           ,           ,           ,           ,           ,           ,           
PUNJAB NATIONAL BANK                ,PNB       ,4000       ,4000       ,4000       ,           ,           ,           ,           ,           ,           ,           ,           ,           ,           ,           ,           
POWER GRID CORP. LTD.               ,POWERGRID ,4000       ,4000       ,4000       ,           ,           ,           ,           ,           ,           ,           ,           ,           ,           ,           ,           
PVR LIMITED                         ,PVR       ,400        ,400        ,400        ,           ,           ,           ,           ,           ,           ,           ,           ,           ,           ,           ,           
STATE BANK OF INDIA                 ,SBIN      ,3000       ,3000       ,3000       ,           ,           ,           ,           ,           ,           ,           ,           ,           ,           ,           ,           
SIEMENS LTD                         ,SIEMENS   ,500        ,500        ,500        ,           ,           ,           ,           ,           ,           ,           ,           ,           ,           ,           ,           
SRF LTD                             ,SRF       ,500        ,500        ,500        ,           ,           ,           ,           ,           ,           ,           ,           ,           ,           ,           ,           
OIL AND NATURAL GAS CORP.           ,ONGC      ,3750       ,3750       ,3750       ,           ,           ,           ,           ,           ,           ,           ,           ,           ,           ,           ,           
ORIENTAL BANK OF COMMERCE           ,ORIENTBANK,6000       ,6000       ,6000       ,           ,           ,           ,           ,           ,           ,           ,           ,           ,           ,           ,           
SUN PHARMACEUTICAL IND L            ,SUNPHARMA ,1100       ,1100       ,1100       ,           ,           ,           ,           ,           ,           ,           ,           ,           ,           ,           ,           
SYNDICATE BANK                      ,SYNDIBANK ,9000       ,9000       ,9000       ,           ,           ,           ,           ,           ,           ,           ,           ,           ,           ,           ,           
TATA CHEMICALS LTD                  ,TATACHEM  ,1500       ,1500       ,1500       ,           ,           ,           ,           ,           ,           ,           ,           ,           ,           ,           ,           
TATA ELXSI LIMITED                  ,TATAELXSI ,800        ,800        ,800        ,           ,           ,           ,           ,           ,           ,           ,           ,           ,           ,           ,           
TATA POWER CO LTD                   ,TATAPOWER ,9000       ,9000       ,9000       ,           ,           ,           ,           ,           ,           ,           ,           ,           ,           ,           ,           
TATA STEEL LIMITED                  ,TATASTEEL ,1061       ,1061       ,1061       ,           ,           ,           ,           ,           ,           ,           ,           ,           ,           ,           ,           
TECH MAHINDRA LIMITED               ,TECHM     ,1200       ,1200       ,1200       ,           ,           ,           ,           ,           ,           ,           ,           ,           ,           ,           ,           
PIRAMAL ENTERPRISES LTD             ,PEL       ,302        ,302        ,302        ,           ,           ,           ,           ,           ,           ,           ,           ,           ,           ,           ,           
TITAN COMPANY LIMITED               ,TITAN     ,1500       ,1500       ,1500       ,           ,           ,           ,           ,           ,           ,           ,           ,           ,           ,           ,           
TORRENT POWER LTD                   ,TORNTPOWER,3000       ,3000       ,3000       ,           ,           ,           ,           ,           ,           ,           ,           ,           ,           ,           ,           
UNITED BREWERIES LTD                ,UBL       ,700        ,700        ,700        ,           ,           ,           ,           ,           ,           ,           ,           ,           ,           ,           ,           
UJJIVAN FIN. SERVC. LTD.            ,UJJIVAN   ,1600       ,1600       ,1600       ,           ,           ,           ,           ,           ,           ,           ,           ,           ,           ,           ,           
UNION BANK OF INDIA                 ,UNIONBANK ,4000       ,4000       ,4000       ,           ,           ,           ,           ,           ,           ,           ,           ,           ,           ,           ,           
UPL LIMITED                         ,UPL       ,1200       ,1200       ,1200       ,           ,           ,           ,           ,           ,           ,           ,           ,           ,           ,           ,           
SHRIRAM TRANSPORT FIN CO.           ,SRTRANSFIN,600        ,600        ,600        ,           ,           ,           ,           ,           ,           ,           ,           ,           ,           ,           ,           
VEDANTA LIMITED                     ,VEDL      ,1750       ,1750       ,1750       ,           ,           ,           ,           ,           ,           ,           ,           ,           ,           ,           ,           
V-GUARD IND LTD.                    ,VGUARD    ,3000       ,3000       ,3000       ,           ,           ,           ,           ,           ,           ,           ,           ,           ,           ,           ,           
VOLTAS LTD                          ,VOLTAS    ,1000       ,1000       ,1000       ,           ,           ,           ,           ,           ,           ,           ,           ,           ,           ,           ,           
WOCKHARDT LIMITED                   ,WOCKPHARMA,900        ,900        ,900        ,           ,           ,           ,           ,           ,           ,           ,           ,           ,           ,           ,           
ZEE ENTERTAINMENT ENT LTD           ,ZEEL      ,1300       ,1300       ,1300       ,           ,           ,           ,           ,           ,           ,           ,           ,           ,           ,           ,           
RBL BANK LIMITED                    ,RBLBANK   ,1000       ,1000       ,1000       ,           ,           ,           ,           ,           ,           ,           ,           ,           ,           ,           ,           
RELIANCE INFRASTRUCTU LTD           ,RELINFRA  ,1300       ,1300       ,1300       ,           ,           ,           ,           ,           ,           ,           ,           ,           ,           ,           ,           
AMBUJA CEMENTS LTD                  ,AMBUJACEM ,2500       ,2500       ,2500       ,           ,           ,           ,           ,           ,           ,           ,           ,           ,           ,           ,           
STEEL AUTHORITY OF INDIA            ,SAIL      ,12000      ,12000      ,12000      ,           ,           ,           ,           ,           ,           ,           ,           ,           ,           ,           ,           
TATA GLOBAL BEVERAGES LTD           ,TATAGLOBAL,4500       ,4500       ,4500       ,           ,           ,           ,           ,           ,           ,           ,           ,           ,           ,           ,           
TATA MOTORS LIMITED                 ,TATAMOTORS,1500       ,1500       ,1500       ,           ,           ,           ,           ,           ,           ,           ,           ,           ,           ,           ,           
TATA MOTORS DVR 'A' ORD             ,TATAMTRDVR,2500       ,2500       ,2500       ,           ,           ,           ,           ,           ,           ,           ,           ,           ,           ,           ,           
TATA CONSULTANCY SERV LT            ,TCS       ,250        ,250        ,250        ,           ,           ,           ,           ,           ,           ,           ,           ,           ,           ,           ,           
BHARAT ELECTRONICS LTD              ,BEL       ,4950       ,4950       ,4950       ,           ,           ,           ,           ,           ,           ,           ,           ,           ,           ,           ,           
TV18 BROADCAST LIMITED              ,TV18BRDCST,17000      ,17000      ,17000      ,           ,           ,           ,           ,           ,           ,           ,           ,           ,           ,           ,           
TVS MOTOR COMPANY  LTD              ,TVSMOTOR  ,1000       ,1000       ,1000       ,           ,           ,           ,           ,           ,           ,           ,           ,           ,           ,           ,           
STRIDES SHASUN LIMITED              ,STAR      ,600        ,600        ,600        ,           ,           ,           ,           ,           ,           ,           ,           ,           ,           ,           ,           
SUN TV NETWORK LIMITED              ,SUNTV     ,1000       ,1000       ,1000       ,           ,           ,           ,           ,           ,           ,           ,           ,           ,           ,           ,           
TATA COMMUNICATIONS LTD             ,TATACOMM  ,800        ,800        ,800        ,           ,           ,           ,           ,           ,           ,           ,           ,           ,           ,           ,           
WIPRO LTD                           ,WIPRO     ,2400       ,2400       ,2400       ,           ,           ,           ,           ,           ,           ,           ,           ,           ,           ,           ,           
ULTRATECH CEMENT LIMITED            ,ULTRACEMCO,200        ,200        ,200        ,           ,           ,           ,           ,           ,           ,           ,           ,           ,           ,           ,           
YES BANK LIMITED                    ,YESBANK   ,1750       ,1750       ,1750       ,           ,           ,           ,           ,           ,           ,           ,           ,           ,           ,           ,           
CHOLAMANDALAM IN & FIN CO           ,CHOLAFIN  ,500        ,500        ,500        ,           ,           ,           ,           ,           ,           ,           ,           ,           ,           ,           ,           
CIPLA LTD                           ,CIPLA     ,1000       ,1000       ,1000       ,           ,           ,           ,           ,           ,           ,           ,           ,           ,           ,           ,           
HINDUSTAN CONSTRUCTION CO           ,HCC       ,15000      ,15000      ,15000      ,           ,           ,           ,           ,           ,           ,           ,           ,           ,           ,           ,           
MAHINDRA & MAHINDRA LTD             ,M&M       ,1000       ,1000       ,1000       ,           ,           ,           ,           ,           ,           ,           ,           ,           ,           ,           ,           
RURAL ELEC CORP. LTD.               ,RECLTD    ,6000       ,6000       ,6000       ,           ,           ,           ,           ,           ,           ,           ,           ,           ,           ,           ,           
RELIANCE INDUSTRIES LTD             ,RELIANCE  ,1000       ,1000       ,1000       ,           ,           ,           ,           ,           ,           ,           ,           ,           ,           ,           ,           
REPCO HOME FINANCE LTD              ,REPCOHOME ,900        ,900        ,900        ,           ,           ,           ,           ,           ,           ,           ,           ,           ,           ,           ,           
M&M FIN. SERVICES LTD               ,M&MFIN    ,1250       ,1250       ,1250       ,           ,           ,           ,           ,           ,           ,           ,           ,           ,           ,           ,           
THE SOUTH INDIAN BANK LTD           ,SOUTHBANK ,33141      ,33141      ,33141      ,           ,           ,           ,           ,           ,           ,           ,           ,           ,           ,           ,           
DIVI'S LABORATORIES LTD             ,DIVISLAB  ,800        ,800        ,800        ,           ,           ,           ,           ,           ,           ,           ,           ,           ,           ,           ,           
DLF LIMITED                         ,DLF       ,5000       ,5000       ,5000       ,           ,           ,           ,           ,           ,           ,           ,           ,           ,           ,           ,           
TORRENT PHARMACEUTICALS L           ,TORNTPHARM,500        ,500        ,500        ,           ,           ,           ,           ,           ,           ,           ,           ,           ,           ,           ,           
SREI INFRASTRUCTURE FINAN           ,SREINFRA  ,5000       ,5000       ,5000       ,           ,           ,           ,           ,           ,           ,           ,           ,           ,           ,           ,           
GODFREY PHILLIPS INDIA LT           ,GODFRYPHLP,500        ,500        ,500        ,           ,           ,           ,           ,           ,           ,           ,           ,           ,           ,           ,           
IDFC BANK LIMITED                   ,IDFCBANK  ,9000       ,9000       ,9000       ,           ,           ,           ,           ,           ,           ,           ,           ,           ,           ,           ,           
NHPC LTD                            ,NHPC      ,27000      ,27000      ,27000      ,           ,           ,           ,           ,           ,           ,           ,           ,           ,           ,           ,           
SUZLON ENERGY LIMITED               ,SUZLON    ,35000      ,35000      ,35000      ,           ,           ,           ,           ,           ,           ,           ,           ,           ,           ,           ,           
